foundation_ein,foundation_name,foundation_state,recipient_ein,recipient_name,amount,purpose_text,tax_year
383668101,The Darrell Harvey Family Foundation Inc,DE,061468129,HORIZONS NATIONAL STUDENT ENRICHMENT PROGRAM INC,500,General & Unrestricted,2024
061502288,The Tudor Foundation Inc,CT,061468129,HORIZONS NATIONAL STUDENT ENRICHMENT PROGRAM INC,100000,Charitable purposes,2023
812297831,THE SMART FAMILY FUND,IL,061468129,HORIZONS NATIONAL STUDENT ENRICHMENT PROGRAM INC,100000,HORIZONS NATIONAL FUNDING REQUEST 2023,2023
472630731,THE SCRIPPS FAMILY FUND FOR EDUCATION,KY,061468129,HORIZONS NATIONAL STUDENT ENRICHMENT PROGRAM INC,50000,SUPPORTING EXPANSION PROGRAM AND STAFFING,2023
061518993,THE KITE KEY FOUNDATION,CA,061468129,HORIZONS NATIONAL STUDENT ENRICHMENT PROGRAM INC,25000,GENERAL OPERATING SUPPORT,2023
854241768,Adam R Scripps Foundation,KY,061468129,HORIZONS NATIONAL STUDENT ENRICHMENT PROGRAM INC,10000,General Operations,2023
201076114,SEYFARTH SHAW CHARITABLE FOUNDATION,IL,061468129,HORIZONS NATIONAL STUDENT ENRICHMENT PROGRAM INC,2000,GENERAL CHARITABLE PURPOSE,2023
383668101,The Darrell Harvey Family Foundation Inc,DE,061468129,HORIZONS NATIONAL STUDENT ENRICHMENT PROGRAM INC,500,General & Unrestricted,2023
392066890,THE PRESENT FAMILY FOUNDATION INC,NJ,061468129,HORIZONS NATIONAL STUDENT ENRICHMENT PROGRAM INC,250,UNRESTRICTED,2023
812297831,THE SMART FAMILY FUND,IL,061468129,HORIZONS NATIONAL STUDENT ENRICHMENT PROGRAM INC,200000,HORIZONS NATIONAL SUPPORT 2022,2022
136161746,The Hearst Foundation,NY,061468129,HORIZONS NATIONAL STUDENT ENRICHMENT PROGRAM INC,100000,Support of general operations,2022
472630731,THE SCRIPPS FAMILY FUND FOR EDUCATION,KY,061468129,HORIZONS NATIONAL STUDENT ENRICHMENT PROGRAM INC,100000,SUPPORT FOR THE ALBERTA MAGNUS AFFILIATE,2022
131623879,ALTMAN FOUNDATION,NY,061468129,HORIZONS NATIONAL STUDENT ENRICHMENT PROGRAM INC,75000,TO FULLY ESTABLISH HORIZONS OF NEW YORK CITY,2022
136224125,FLORENCE V BURDEN FOUNDATION,NY,061468129,HORIZONS NATIONAL STUDENT ENRICHMENT PROGRAM INC,33000,EDUCATION/SOCIAL SERVICES,2022
270961125,The Heineman-Russell Family Foundation,CT,061468129,HORIZONS NATIONAL STUDENT ENRICHMENT PROGRAM INC,25000,General Support,2022
061606588,NEWMAN'S OWN FOUNDATION,CT,061468129,HORIZONS NATIONAL STUDENT ENRICHMENT PROGRAM INC,10000,GENERAL OPERATIONS,2022
201076114,SEYFARTH SHAW CHARITABLE FOUNDATION,IL,061468129,HORIZONS NATIONAL STUDENT ENRICHMENT PROGRAM INC,3000,GENERAL CHARITABLE PURPOSE,2022
383668101,The Darrell Harvey Family Foundation Inc,DE,061468129,HORIZONS NATIONAL STUDENT ENRICHMENT PROGRAM INC,500,General & Unrestricted,2022
231503488,THE WILLIAM PENN FOUNDATION,PA,061468129,HORIZONS NATIONAL STUDENT ENRICHMENT PROGRAM INC,210,GENERAL SUPPORT,2022
812297831,THE SMART FAMILY FUND,IL,061468129,HORIZONS NATIONAL STUDENT ENRICHMENT PROGRAM INC,200000,HORIZONS NATIONAL SUPPORT,2021
205960904,LEGO COMMUNITY FUND US INC,CT,061468129,HORIZONS NATIONAL STUDENT ENRICHMENT PROGRAM INC,200000,REIMAGINING THE BUILDING BLOCKS OF GIRLS EDUCATION,2021
472630731,THE SCRIPPS FAMILY FUND FOR EDUCATION,KY,061468129,HORIZONS NATIONAL STUDENT ENRICHMENT PROGRAM INC,100000,SUPPORT EXPANSION IN CONNECTICUT FOCUSING ON THE NEW REGION IN NEW HAVEN,2021
136015562,LOUIS CALDER FOUNDATION,CO,061468129,HORIZONS NATIONAL STUDENT ENRICHMENT PROGRAM INC,25000,BOARD DISCRETIONARY,2021
472630731,THE SCRIPPS FAMILY FUND FOR EDUCATION,KY,061468129,HORIZONS NATIONAL STUDENT ENRICHMENT PROGRAM INC,25000,EMERGENCY CASH SUPPORT TO STUDENT FAMILIES WITH SIGNIFICANT NEED DUE TO COVID-19,2021
237049738,JPMORGAN CHASE FOUNDATION,NY,061468129,HORIZONS NATIONAL STUDENT ENRICHMENT PROGRAM INC,4000,GENERAL OPERATING SUPPORT,2021
201076114,SEYFARTH SHAW CHARITABLE FOUNDATION,IL,061468129,HORIZONS NATIONAL STUDENT ENRICHMENT PROGRAM INC,2000,GENERAL CHARITABLE PURPOSE,2021
133945122,Maureen & Mark Rossi,NY,061468129,HORIZONS NATIONAL STUDENT ENRICHMENT PROGRAM INC,1043,EDUCATION,2021
810861760,THE RUTLEDGE FAMILY FOUNDATION,CT,061468129,HORIZONS NATIONAL STUDENT ENRICHMENT PROGRAM INC,235000,TO PROMOTE THE WORK OF THE ORGANIZATION,2020
132989476,NEW YORK LIFE FOUNDATION,NY,061468129,HORIZONS NATIONAL STUDENT ENRICHMENT PROGRAM INC,225000,EDUC. GENERAL,2020
812297831,THE SMART FAMILY FUND,IL,061468129,HORIZONS NATIONAL STUDENT ENRICHMENT PROGRAM INC,200000,GENERAL SUPPORT,2020
472630731,THE SCRIPPS FAMILY FUND FOR EDUCATION,KY,061468129,HORIZONS NATIONAL STUDENT ENRICHMENT PROGRAM INC,75000,"SUPPORT FOR SCHOOL YEAR PROGRAMMING AT AFFILIATE SITES AND PROFESSIONAL DEVELOPMENT FOR THE NETWORK'S TEACHERS, STAFF AND LEADERSHIP",2020
200523317,THE PITNEY BOWES FOUNDATION,CT,061468129,HORIZONS NATIONAL STUDENT ENRICHMENT PROGRAM INC,75000,EXPANDING HORIZONS THROUGH INDIVIDUALIZED LITERACY SUPPORT,2020
131623879,ALTMAN FOUNDATION,NY,061468129,HORIZONS NATIONAL STUDENT ENRICHMENT PROGRAM INC,75000,TO HELP ESTABLISH A NEW YORK CITY REGIONAL AFFILIATE AND LAUNCH TWO NEW HORIZONS PROGRAMS,2020
061502288,The Tudor Foundation Inc,CT,061468129,HORIZONS NATIONAL STUDENT ENRICHMENT PROGRAM INC,62500,Charitable purposes,2020
205960904,LEGO COMMUNITY FUND US INC,CT,061468129,HORIZONS NATIONAL STUDENT ENRICHMENT PROGRAM INC,50000,REIMAGINING BUILDING BLOCKS FOR GIRLS EDUCATION,2020
526037034,THE HARRY AND JEANETTE WEINBERG,MD,061468129,HORIZONS NATIONAL STUDENT ENRICHMENT PROGRAM INC,50000,TO SUPPORT THIS ORGANIZATIONS INTENSIVE SIX-WEEK SUMMER PROGRAM THAT BLENDS ACADEMICS AND ENRICHMENT FOR PK-2 STUDENTS,2020
621516244,JENIAM FOUNDATION,CT,061468129,HORIZONS NATIONAL STUDENT ENRICHMENT PROGRAM INC,40000,VARIOUS SPECIAL PROJECTS,2020
133151548,The Herbert & Nell Singer Foundation Inc,DE,061468129,HORIZONS NATIONAL STUDENT ENRICHMENT PROGRAM INC,25000,General & Unrestricted,2020
232867116,Horizon Foundation Inc,MA,061468129,HORIZONS NATIONAL STUDENT ENRICHMENT PROGRAM INC,20000,General Support,2020
136164229,BLANCHE T ENDERS CHARITBLE TR XXXXX5000,IL,061468129,HORIZONS NATIONAL STUDENT ENRICHMENT PROGRAM INC,20000,GENERAL,2020
136084888,THE DYSON FOUNDATION,NY,061468129,HORIZONS NATIONAL STUDENT ENRICHMENT PROGRAM INC,5000,For general operating support.,2020
201076114,SEYFARTH SHAW CHARITABLE FOUNDATION,IL,061468129,HORIZONS NATIONAL STUDENT ENRICHMENT PROGRAM INC,2000,GENERAL CHARITABLE PURPOSE,2020
841718891,The John and Diane Kim Foundation,DE,061468129,HORIZONS NATIONAL STUDENT ENRICHMENT PROGRAM INC,1000,General & Unrestricted,2020
383668101,The Darrell Harvey Family Foundation Inc,DE,061468129,HORIZONS NATIONAL STUDENT ENRICHMENT PROGRAM INC,500,General & Unrestricted,2020
132989476,NEW YORK LIFE FOUNDATION,NY,061468129,HORIZONS NATIONAL STUDENT ENRICHMENT PROGRAM INC,325000,EDUC. GENERAL,2019
812297831,THE SMART FAMILY FUND,IL,061468129,HORIZONS NATIONAL STUDENT ENRICHMENT PROGRAM INC,200000,GENERAL SUPPORT,2019
472630731,THE SCRIPPS FAMILY FUND FOR EDUCATION,KY,061468129,HORIZONS NATIONAL STUDENT ENRICHMENT PROGRAM INC,170000,SUPPORT TO CREATE A TRANSPORTATION FUND TO SUPPORT FIELD TRIP PROGRAMMING AT AFFILIATE SITES & SUPPORT FOR THE SCHOOL-YEAR PROGRAMMING,2019
131623879,ALTMAN FOUNDATION,NY,061468129,HORIZONS NATIONAL STUDENT ENRICHMENT PROGRAM INC,75000,TO HELP ESTABLISH A NEW YORK CITY REGIONAL AFFILIATE AND LAUNCH TWO NEW HORIZONS PROGRAMS,2019
200523317,THE PITNEY BOWES FOUNDATION,CT,061468129,HORIZONS NATIONAL STUDENT ENRICHMENT PROGRAM INC,75000,ENGAGING READING SPECIALISTS TO EXPAND SOCIAL/EMOTIONAL DEVELOPMENT AND ACADEMIC LEARNING,2019
061606588,NEWMAN'S OWN FOUNDATION,CT,061468129,HORIZONS NATIONAL STUDENT ENRICHMENT PROGRAM INC,50000,BROADENING HORIZONS THROUGH READING AND SOCIAL EMOTIONAL SUPPORT,2019
810861760,THE RUTLEDGE FAMILY FOUNDATION,CT,061468129,HORIZONS NATIONAL STUDENT ENRICHMENT PROGRAM INC,20000,TO PROMOTE THE WORK OF THE ORGANIZATION,2019
136084888,THE DYSON FOUNDATION,NY,061468129,HORIZONS NATIONAL STUDENT ENRICHMENT PROGRAM INC,10000,For general operating support.,2019
136084888,THE DYSON FOUNDATION,NY,061468129,HORIZONS NATIONAL STUDENT ENRICHMENT PROGRAM INC,5000,For general operating support.,2019
237049738,JPMORGAN CHASE FOUNDATION,NY,061468129,HORIZONS NATIONAL STUDENT ENRICHMENT PROGRAM INC,1100,GENERAL OPERATING SUPPORT,2019
383668101,The Darrell Harvey Family Foundation Inc,DE,061468129,HORIZONS NATIONAL STUDENT ENRICHMENT PROGRAM INC,500,General & Unrestricted,2019
132989476,NEW YORK LIFE FOUNDATION,NY,061468129,HORIZONS NATIONAL STUDENT ENRICHMENT PROGRAM INC,177000,EDUC. GENERAL,2018
472630731,THE SCRIPPS FAMILY FUND FOR EDUCATION,KY,061468129,HORIZONS NATIONAL STUDENT ENRICHMENT PROGRAM INC,100000,SUPPORT EXPANSION IN BRIDGEPORT AND DEVELOPMENT OF HORIZONS BRIDGEPORT WITH FUNDING FOR HIRING OF REGIONAL DIRECTOR AND SUPPORT STAFFING COSTS,2018
812433446,SMART FAMILY FOUNDATION OF ILLINOIS,IL,271476998,HORIZONS GREATER WASHINGTON INC,20000,"CULTURAL, HISTORICAL & OTHER EDUCATIONAL",2024
046528085,LEONARD & HILDA KAPLAN CHARITABLE,RI,271476998,HORIZONS GREATER WASHINGTON INC,20000,GENERAL FUNDING,2024
237000460,JOSEPH & ARKADI GERNEY FOUNDATION,DC,271476998,HORIZONS GREATER WASHINGTON INC,1500,TO HELP ACTIVITIES OF VAR PUBLIC CHAR INST WHICH ARE EXEMPT UNDER 501 (C)(3),2024
276669056,HIMAN BROWN CHARITABLE TRUST,NY,271476998,HORIZONS GREATER WASHINGTON INC,150000,GENERAL,2023
812297831,THE SMART FAMILY FUND,IL,271476998,HORIZONS GREATER WASHINGTON INC,60000,2024 ANNUAL SUPPORT YEAR 3/3,2023
272764310,ALISANN AND TERRY COLLINS FOUNDATION,VA,271476998,HORIZONS GREATER WASHINGTON INC,38000,GENERAL USE,2023
530237223,HATTIE M STRONG FOUNDATION,VA,271476998,HORIZONS GREATER WASHINGTON INC,25000,OST (SUMMER CAMP-ACADEMIC HOLISTIC ENRICHMENT),2023
237173302,REDSKIN FOUNDATION INC,MD,271476998,HORIZONS GREATER WASHINGTON INC,25000,TO SUPPORT YOUTH ACTIVITIES,2023
812297831,THE SMART FAMILY FUND,IL,271476998,HORIZONS GREATER WASHINGTON INC,25000,2024 CAPACITY BUILDING GRANT YEAR 3/3,2023
812433446,SMART FAMILY FOUNDATION OF ILLINOIS,IL,271476998,HORIZONS GREATER WASHINGTON INC,25000,"CULTURAL, HISTORICAL & OTHER EDUCATIONAL",2023
521512330,CLARK CHARITABLE FOUNDATION INC,MD,271476998,HORIZONS GREATER WASHINGTON INC,20000,GENERAL OPERATING SUPPORT OF EDUCATION PROGRAMS,2023
046528085,LEONARD & HILDA KAPLAN CHARITABLE,RI,271476998,HORIZONS GREATER WASHINGTON INC,15000,GENERAL FUNDING,2023
316039441,NELSON TALBOTT FOUNDATION,DC,271476998,HORIZONS GREATER WASHINGTON INC,10500,GENERAL NEEDS OR PURPOSE,2023
366141697,LUTHER I REPLOGLE FOUNDATION,MD,271476998,HORIZONS GREATER WASHINGTON INC,7500,GENERAL OPERATING SUPPORT,2023
666012547,Henry L Kimelman Family Foundation,DE,271476998,HORIZONS GREATER WASHINGTON INC,5000,General & Unrestricted,2023
520846147,WALTER A BLOEDORN FOUNDATION,DC,271476998,HORIZONS GREATER WASHINGTON INC,5000,TO SUPPORT YOUTH PROGRAMS,2023
546520936,THE ZIENTS FAMILY FOUNDATION,DC,271476998,HORIZONS GREATER WASHINGTON INC,5000,GENERAL SUPPORT,2023
541879808,THE EACHO FAMILY FOUNDATION,MD,271476998,HORIZONS GREATER WASHINGTON INC,3000,EDUCATIONAL,2023
842382067,Blackberry Fund Inc,DC,271476998,HORIZONS GREATER WASHINGTON INC,1500,Unrestricted,2023
473544299,GARCIA FAMILY SPOTLIGHT FOUNDATION INC,MD,271476998,HORIZONS GREATER WASHINGTON INC,1307,ENRICHMENT PROGRAM ADVANCES EDUCATIONAL EQUITY AND INSPIRES JOY IN LEARNING FOR STUDENTS IN THE DC REGION.,2023
873983270,TREVELYAN FAMILY FOUNDATION INC,MD,271476998,HORIZONS GREATER WASHINGTON INC,1029,UNRESTRICTED,2023
823386507,THE DUANE WILDER FOUNDATION INC,TX,271476998,HORIZONS GREATER WASHINGTON INC,1000,AN UNRESTRICTED GRANT TO FURTHER THE ORGANIZATION'S EXEMPT PURPOSE.,2023
953307541,THE EVO AND ORA DECONCINI AND,AZ,271476998,HORIZONS GREATER WASHINGTON INC,500,PREPARE STUDENTS FROM UNDER-RESOURCED COMMUNITIES TO SUCCEED,2023
200721133,THE BANK OF AMERICA CHARITABLE,NC,271476998,HORIZONS GREATER WASHINGTON INC,500,PROGRAM/OPERATING SUPPORT,2023
200721133,THE BANK OF AMERICA CHARITABLE,NC,271476998,HORIZONS GREATER WASHINGTON INC,160,PROGRAM/OPERATING SUPPORT,2023
131659629,THE ROCKEFELLER FOUNDATION,NY,271476998,HORIZONS GREATER WASHINGTON INC,150,IN SUPPORT OF RF DONATIONS TO CHARITABLE ORGANIZATIONS,2023
200721133,THE BANK OF AMERICA CHARITABLE,NC,271476998,HORIZONS GREATER WASHINGTON INC,80,PROGRAM/OPERATING SUPPORT,2023
812297831,THE SMART FAMILY FUND,IL,271476998,HORIZONS GREATER WASHINGTON INC,60000,OPERATIONAL SUPPORT 2022 - YEAR 2 OF 3,2022
541829618,JOHN G & JEAN R GOSNELL FOUNDATION,MD,271476998,HORIZONS GREATER WASHINGTON INC,40000,GENERAL OPERATING SUPPORT,2022
272764310,ALISANN AND TERRY COLLINS FOUNDATION,VA,271476998,HORIZONS GREATER WASHINGTON INC,35000,GENERAL USE,2022
812297831,THE SMART FAMILY FUND,IL,271476998,HORIZONS GREATER WASHINGTON INC,25000,CAPACITY BUILDING GRANT 2022 - YEAR 2 OF 3,2022
812433446,SMART FAMILY FOUNDATION OF ILLINOIS,IL,271476998,HORIZONS GREATER WASHINGTON INC,10000,"CULTURAL, HISTORICAL & OTHER EDUCATIONAL",2022
046528085,LEONARD & HILDA KAPLAN CHARITABLE,RI,271476998,HORIZONS GREATER WASHINGTON INC,10000,GENERAL FUNDING,2022
316039441,NELSON TALBOTT FOUNDATION,DC,271476998,HORIZONS GREATER WASHINGTON INC,10000,GENERAL NEEDS OR PURPOSE,2022
464730969,CLOUDBREAK FOUNDATION INC,VA,271476998,HORIZONS GREATER WASHINGTON INC,10000,Children's summer program,2022
366141697,LUTHER I REPLOGLE FOUNDATION,MD,271476998,HORIZONS GREATER WASHINGTON INC,7500,GENERAL OPERATING SUPPORT,2022
530237223,HATTIE M STRONG FOUNDATION,VA,271476998,HORIZONS GREATER WASHINGTON INC,5000,OST (SUMMER CAMP ACADEMIC/HOLISTIC ENRICHMENT),2022
666012547,Henry L Kimelman Family Foundation,DE,271476998,HORIZONS GREATER WASHINGTON INC,5000,General & Unrestricted,2022
522007895,KIMSEY FOUNDATION,DC,271476998,HORIZONS GREATER WASHINGTON INC,5000,GENERAL OPERATING,2022
541879808,THE EACHO FAMILY FOUNDATION,MD,271476998,HORIZONS GREATER WASHINGTON INC,3000,EDUCATIONAL,2022
341595929,THE NORD FAMILY FOUNDATION,OH,271476998,HORIZONS GREATER WASHINGTON INC,1500,MATCHING - GENERAL OPERATING SUPPORT,2022
526038149,Dimick Foundation,DC,271476998,HORIZONS GREATER WASHINGTON INC,1000,general operating support,2022
208046545,RICE-CAMERON FAMILY FOUNDATION,DC,271476998,HORIZONS GREATER WASHINGTON INC,1000,CHARITABLE,2022
842382067,Blackberry Fund Inc,DC,271476998,HORIZONS GREATER WASHINGTON INC,1000,Summer Swimming Program,2022
953307541,THE EVO AND ORA DECONCINI AND,AZ,271476998,HORIZONS GREATER WASHINGTON INC,850,PREPARE STUDENTS FROM UNDER-RESOURCED COMMUNITIES TO SUCCEED,2022
521254096,LESTER PORETSKY FAMILY FOUNDATION INC,MD,271476998,HORIZONS GREATER WASHINGTON INC,500,SUPPORT OF SEC. 501(C)(3) ORGANIZATION,2022
131659629,THE ROCKEFELLER FOUNDATION,NY,271476998,HORIZONS GREATER WASHINGTON INC,500,MATCHING GIFT PROGRAM - FOR GENERAL SUPPORT OF ITS MISSION,2022
200721133,THE BANK OF AMERICA CHARITABLE,NC,271476998,HORIZONS GREATER WASHINGTON INC,500,PROGRAM/OPERATING SUPPORT,2022
200797192,THE ADLER FOUNDATION INC,VA,271476998,HORIZONS GREATER WASHINGTON INC,100,GENERAL SUPPORT,2022
200721133,THE BANK OF AMERICA CHARITABLE,NC,271476998,HORIZONS GREATER WASHINGTON INC,80,PROGRAM/OPERATING SUPPORT,2022
200721133,THE BANK OF AMERICA CHARITABLE,NC,271476998,HORIZONS GREATER WASHINGTON INC,80,PROGRAM/OPERATING SUPPORT,2022
200721133,THE BANK OF AMERICA CHARITABLE,NC,271476998,HORIZONS GREATER WASHINGTON INC,80,PROGRAM/OPERATING SUPPORT,2022
200721133,THE BANK OF AMERICA CHARITABLE,NC,271476998,HORIZONS GREATER WASHINGTON INC,80,PROGRAM/OPERATING SUPPORT,2022
200721133,THE BANK OF AMERICA CHARITABLE,NC,271476998,HORIZONS GREATER WASHINGTON INC,80,PROGRAM/OPERATING SUPPORT,2022
200721133,THE BANK OF AMERICA CHARITABLE,NC,271476998,HORIZONS GREATER WASHINGTON INC,80,PROGRAM/OPERATING SUPPORT,2022
200721133,THE BANK OF AMERICA CHARITABLE,NC,271476998,HORIZONS GREATER WASHINGTON INC,80,PROGRAM/OPERATING SUPPORT,2022
200721133,THE BANK OF AMERICA CHARITABLE,NC,271476998,HORIZONS GREATER WASHINGTON INC,80,PROGRAM/OPERATING SUPPORT,2022
200721133,THE BANK OF AMERICA CHARITABLE,NC,271476998,HORIZONS GREATER WASHINGTON INC,80,PROGRAM/OPERATING SUPPORT,2022
200721133,THE BANK OF AMERICA CHARITABLE,NC,271476998,HORIZONS GREATER WASHINGTON INC,70,PROGRAM/OPERATING SUPPORT,2022
200721133,THE BANK OF AMERICA CHARITABLE,NC,271476998,HORIZONS GREATER WASHINGTON INC,68,PROGRAM/OPERATING SUPPORT,2022
276669056,HIMAN BROWN CHARITABLE TRUST,NY,271476998,HORIZONS GREATER WASHINGTON INC,150000,EDUCATIONAL,2021
276669056,HIMAN BROWN CHARITABLE TRUST,NY,271476998,HORIZONS GREATER WASHINGTON INC,100000,EDUCATIONAL,2021
812297831,THE SMART FAMILY FUND,IL,271476998,HORIZONS GREATER WASHINGTON INC,60000,ONGOING SUPPORT,2021
272764310,ALISANN AND TERRY COLLINS FOUNDATION,VA,271476998,HORIZONS GREATER WASHINGTON INC,35000,GENERAL USE,2021
812297831,THE SMART FAMILY FUND,IL,271476998,HORIZONS GREATER WASHINGTON INC,25000,CAPACITY BUILDING GRANT,2021
541829618,JOHN G & JEAN R GOSNELL FOUNDATION,MD,271476998,HORIZONS GREATER WASHINGTON INC,25000,GENERAL OPERATING SUPPORT,2021
541896244,JACK KENT COOKE FOUNDATION,VA,271476998,HORIZONS GREATER WASHINGTON INC,18460,SUPPORT HORIZONS GREATER WASHINGTON'S ACADEMIC SUMMER ENRICHMENT PROGRAM.,2021
237173302,REDSKIN FOUNDATION INC,MD,271476998,HORIZONS GREATER WASHINGTON INC,15000,TO SUPPORT YOUTH ACTIVITIES,2021
812433446,SMART FAMILY FOUNDATION OF ILLINOIS,IL,271476998,HORIZONS GREATER WASHINGTON INC,10000,"CULTURAL, HISTORICAL & OTHER EDUCATIONAL",2021
912078375,JOHN AND RACHEL KING FOUNDATION INC,MD,271476998,HORIZONS GREATER WASHINGTON INC,7500,GENERAL DONATION,2021
366141697,LUTHER I REPLOGLE FOUNDATION,MD,271476998,HORIZONS GREATER WASHINGTON INC,7500,GENERAL OPERATING SUPPORT,2021
530237223,HATTIE M STRONG FOUNDATION,VA,271476998,HORIZONS GREATER WASHINGTON INC,5000,OST (SUMMER CAMP ACADEMIC/HOLISTIC ENRICHMENT),2021
522189081,NORA ROBERTS FOUNDATION,MD,271476998,HORIZONS GREATER WASHINGTON INC,5000,OPERATIONS,2021
541879808,THE EACHO FAMILY FOUNDATION,MD,271476998,HORIZONS GREATER WASHINGTON INC,3000,EDUCATIONAL,2021
522007895,KIMSEY FOUNDATION,DC,271476998,HORIZONS GREATER WASHINGTON INC,2500,GENERAL OPERATING,2021
341595929,THE NORD FAMILY FOUNDATION,OH,271476998,HORIZONS GREATER WASHINGTON INC,1500,MATCHING - GENERAL OPERATING SUPPORT,2021
208046545,RICE-CAMERON FAMILY FOUNDATION,DC,271476998,HORIZONS GREATER WASHINGTON INC,1000,CHARITABLE,2021
133949510,LAINOFF FAMILY FOUNDATION INC,NY,271476998,HORIZONS GREATER WASHINGTON INC,1000,GENERAL CHARITABLE & EDUCATIONAL PURPOSES,2021
200721133,THE BANK OF AMERICA CHARITABLE,NC,271476998,HORIZONS GREATER WASHINGTON INC,140,OPERATIONAL SUPPORT,2021
200721133,THE BANK OF AMERICA CHARITABLE,NC,271476998,HORIZONS GREATER WASHINGTON INC,70,OPERATIONAL SUPPORT,2021
200721133,THE BANK OF AMERICA CHARITABLE,NC,271476998,HORIZONS GREATER WASHINGTON INC,70,OPERATIONAL SUPPORT,2021
200721133,THE BANK OF AMERICA CHARITABLE,NC,271476998,HORIZONS GREATER WASHINGTON INC,70,OPERATIONAL SUPPORT,2021
200721133,THE BANK OF AMERICA CHARITABLE,NC,271476998,HORIZONS GREATER WASHINGTON INC,35,OPERATIONAL SUPPORT,2021
276669056,HIMAN BROWN CHARITABLE TRUST,NY,271476998,HORIZONS GREATER WASHINGTON INC,100000,EDUCATIONAL,2020
812297831,THE SMART FAMILY FUND,IL,271476998,HORIZONS GREATER WASHINGTON INC,65000,GENERAL SUPPORT,2020
272764310,ALISANN AND TERRY COLLINS FOUNDATION,VA,271476998,HORIZONS GREATER WASHINGTON INC,30000,GENERAL USE,2020
530237223,HATTIE M STRONG FOUNDATION,VA,271476998,HORIZONS GREATER WASHINGTON INC,20000,OST (SUMMER-CAMP) ACADEMIC/HOLISTIC ENRICHMENT,2020
316039441,NELSON TALBOTT FOUNDATION,DC,271476998,HORIZONS GREATER WASHINGTON INC,13150,GENERAL NEEDS OR PURPOSE,2020
276669056,HIMAN BROWN CHARITABLE TRUST,NY,271476998,HORIZONS GREATER WASHINGTON INC,10000,EDUCATIONAL,2020
366141697,LUTHER I REPLOGLE FOUNDATION,MD,271476998,HORIZONS GREATER WASHINGTON INC,6000,GENERAL OPERATING SUPPORT,2020
546520936,THE ZIENTS FAMILY FOUNDATION,DC,271476998,HORIZONS GREATER WASHINGTON INC,5000,ANNUAL FUND,2020
812433446,SMART FAMILY FOUNDATION OF ILLINOIS,IL,271476998,HORIZONS GREATER WASHINGTON INC,5000,"CULTURAL, HISTORICAL & OTHER EDUCATIONAL",2020
742927126,The Webber Family Foundation,TX,271476998,HORIZONS GREATER WASHINGTON INC,2000,Support tuition-free academic programs for students in under-resourced communities,2020
476689769,DIAMOND MIND FOUNDATION,MD,271476998,HORIZONS GREATER WASHINGTON INC,2000,GENERAL OPERATING SUPPORT,2020
666012547,Henry L Kimelman Family Foundation,DE,271476998,HORIZONS GREATER WASHINGTON INC,2000,General & Unrestricted,2020
341595929,THE NORD FAMILY FOUNDATION,OH,271476998,HORIZONS GREATER WASHINGTON INC,500,GRANT FOR MATCH,2020
812297831,THE SMART FAMILY FUND,IL,271476998,HORIZONS GREATER WASHINGTON INC,50000,GENERAL SUPPORT,2019
530237223,HATTIE M STRONG FOUNDATION,VA,271476998,HORIZONS GREATER WASHINGTON INC,15000,OST (SUMMER-CAMP) ACADEMIC/HOLISTIC ENRICHMENT,2019
316039441,NELSON TALBOTT FOUNDATION,DC,271476998,HORIZONS GREATER WASHINGTON INC,15000,GENERAL NEEDS OR PURPOSE,2019
530237223,HATTIE M STRONG FOUNDATION,VA,271476998,HORIZONS GREATER WASHINGTON INC,10000,OST (SUMMER CAMP) ACADEMIC/HOLISTIC ENRICHMENT,2019
396125966,FEITLER FAMILY FUND,IL,271476998,HORIZONS GREATER WASHINGTON INC,10000,"CULTURAL, HISTORICAL AND OTHER EDUCATIONAL",2019
366141697,LUTHER I REPLOGLE FOUNDATION,MD,271476998,HORIZONS GREATER WASHINGTON INC,5000,GENERAL OPERATING SUPPORT,2019
208046545,RICE-CAMERON FAMILY FOUNDATION,DC,271476998,HORIZONS GREATER WASHINGTON INC,2000,CHARITABLE,2019
476689769,DIAMOND MIND FOUNDATION,MD,271476998,HORIZONS GREATER WASHINGTON INC,1000,GENERAL OPERATING SUPPORT,2019
396125966,FEITLER FAMILY FUND,IL,271476998,HORIZONS GREATER WASHINGTON INC,10000,"CULTURAL, HISTORICAL AND OTHER EDUCATIONAL",2018
366141697,LUTHER I REPLOGLE FOUNDATION,MD,271476998,HORIZONS GREATER WASHINGTON INC,5000,General Operating Support,2018
208046545,RICE-CAMERON FAMILY FOUNDATION,DC,271476998,HORIZONS GREATER WASHINGTON INC,1500,CHARITABLE,2018
381359264,WK Kellogg Foundation,MI,271476998,HORIZONS GREATER WASHINGTON INC,5000,Matching Grant,2017
208046545,RICE-CAMERON FAMILY FOUNDATION,DC,271476998,HORIZONS GREATER WASHINGTON INC,700,CHARITABLE,2017
133987111,IKDH FOUNDATION,MA,271476998,HORIZONS GREATER WASHINGTON INC,250,SUPPORT,2017
586001954,Joseph B Whitehead Foundation,GA,371747624,HORIZONS ATLANTA INC,500000,Expansion of academic enrichment program.,2023
586343477,THE SARA GILES MOORE FOUNDATION,GA,371747624,HORIZONS ATLANTA INC,100000,TO SUPPORT THE CHARITABLE MISSION OF THE RECIPIENT ORGANIZATION,2023
581890927,THE ZEIST FOUNDATION INC,GA,371747624,HORIZONS ATLANTA INC,50000,EDUCATION,2023
581709417,GEORGIA POWER FOUNDATION INC,GA,371747624,HORIZONS ATLANTA INC,40000,HORIZONS ATLANTA ACADEMIC AND ENRICHMENT PROGRAM,2023
237225012,JOHN H & WILHELMINA D HARLAND,GA,371747624,HORIZONS ATLANTA INC,25000,SUPPORT RECIPIENT ORGANIZATION'S CHARITABLE ACTIVITIES,2023
472317141,STOCKEL FAMILY FOUNDATION,CA,371747624,HORIZONS ATLANTA INC,25000,TRANSPORTATION SERVICES AND POOL RENTAL FEES,2023
274689647,THE PRIMERICA FOUNDATION INC,GA,371747624,HORIZONS ATLANTA INC,25000,SUPPORT FOR SUMMER EDUCATION FOR LMI STUDENTS,2023
586403590,THE JOHN AND MARY NEFF FOUNDATION,GA,371747624,HORIZONS ATLANTA INC,20000,to support a six-week summer learning experience that supports students from underserved communities throughout their K-12 academic careers,2023
367754898,LULUMA CHARITABLE TRUST XXXXX8009,IL,371747624,HORIZONS ATLANTA INC,20000,GENERAL OPERATING,2023
200545315,JACK AND ANNE GLENN CHAR FDN,FL,371747624,HORIZONS ATLANTA INC,15000,ACADEMIC ENRICHMENT,2023
582064640,TW PRICE GILBERT JR CHARITABLE FUND,NV,371747624,HORIZONS ATLANTA INC,10000,GENERAL OPERATING,2023
431262762,Enterprise Holdings Foundation,MO,371747624,HORIZONS ATLANTA INC,5000,Program Support,2023
472594367,THE FISHER FAMILY FOUNDATION,OK,371747624,HORIZONS ATLANTA INC,2000,DONATION,2023
571002959,SCANSOURCE CHARITABLE FOUNDATION,SC,371747624,HORIZONS ATLANTA INC,2000,INSTRUCTORS - TECH COLLEGE,2023
586275452,Ron and Lisa Brill Charitable Trust,DE,371747624,HORIZONS ATLANTA INC,1000,Horizons Giving Day,2023
586275452,Ron and Lisa Brill Charitable Trust,DE,371747624,HORIZONS ATLANTA INC,1000,Horizons Giving Day,2023
586275452,Ron and Lisa Brill Charitable Trust,DE,371747624,HORIZONS ATLANTA INC,500,Holy Innocence,2023
586275452,Ron and Lisa Brill Charitable Trust,DE,371747624,HORIZONS ATLANTA INC,500,Holy Innocence,2023
586001954,Joseph B Whitehead Foundation,GA,371747624,HORIZONS ATLANTA INC,400000,Expansion of academic enrichment program.,2022
580566149,J BULOW CAMPBELL FOUNDATION,GA,371747624,HORIZONS ATLANTA INC,100000,SUPPORT EXEMPT PURPOSE OF THE RECIPIENT ORGANIZATION,2022
581890927,THE ZEIST FOUNDATION INC,GA,371747624,HORIZONS ATLANTA INC,60000,EDUCATION,2022
586343477,THE SARA GILES MOORE FOUNDATION,GA,371747624,HORIZONS ATLANTA INC,50000,TO SUPPORT THE CHARITABLE MISSION OF THE RECIPIENT ORGANIZATION,2022
581209452,Oxford Industries Foundation Inc,GA,371747624,HORIZONS ATLANTA INC,50000,Operating Grant,2022
586343477,THE SARA GILES MOORE FOUNDATION,GA,371747624,HORIZONS ATLANTA INC,50000,TO SUPPORT THE CHARITABLE MISSION OF THE RECIPIENT ORGANIZATION,2022
274689647,THE PRIMERICA FOUNDATION INC,GA,371747624,HORIZONS ATLANTA INC,30000,SUPPORT FOR SUMMER EDUCATION FOR LMI STUDENTS,2022
581868936,THE IMLAY FOUNDATION INC,GA,371747624,HORIZONS ATLANTA INC,25000,TO FULFILL MISSION,2022
366725987,AEC Trust,DE,371747624,HORIZONS ATLANTA INC,25000,Summer Academic and Enrichment program,2022
472317141,STOCKEL FAMILY FOUNDATION,CA,371747624,HORIZONS ATLANTA INC,25000,FOR MEALS DURING SUMMER PROGRAM AND SWIM PROGRAM COMPETITIONS,2022
581709417,GEORGIA POWER FOUNDATION INC,GA,371747624,HORIZONS ATLANTA INC,25000,HORIZONS ATLANTA SUMMER LEARNING AND ENRICHMENT PROGRAMS,2022
586045056,THE SARTAIN LANIER FAMILY FOUNDATION INC,GA,371747624,HORIZONS ATLANTA INC,20000,TO SUPPORT THE MISSION OF THE RECIPIENT ORGANIZATION,2022
581648407,REALAN FOUNDATION INC,GA,371747624,HORIZONS ATLANTA INC,20000,OPERATING & PROGRAM SUPPORT,2022
586403590,THE JOHN AND MARY NEFF FOUNDATION,GA,371747624,HORIZONS ATLANTA INC,20000,to support a six-week summer learning experience that supports students from underserved communities throughout their K-12 academic careers,2022
582064640,TW PRICE GILBERT JR CHARITABLE FUND,NV,371747624,HORIZONS ATLANTA INC,10000,GENERAL OPERATING,2022
261552762,PHILIP I KENT FOUNDATION,NV,371747624,HORIZONS ATLANTA INC,10000,GENERAL OPERATING,2022
586026879,ATL FDN-W PETERS MAIN,MO,371747624,HORIZONS ATLANTA INC,10000,GENERAL OPERATING,2022
581925844,THE RICHARD C MUNROE FOUNDATION INC,FL,371747624,HORIZONS ATLANTA INC,5000,GENERAL PURPOSE,2022
586026401,TR UW CHARLES I BRANAN,MO,371747624,HORIZONS ATLANTA INC,5000,GENERAL SUPPORT,2022
431262762,Enterprise Holdings Foundation,MO,371747624,HORIZONS ATLANTA INC,2500,Program Support,2022
133911396,LES PAUL FOUNDATION,NY,371747624,HORIZONS ATLANTA INC,2500,MENTORSHIP PROGRAM,2022
200721133,THE BANK OF AMERICA CHARITABLE,NC,371747624,HORIZONS ATLANTA INC,1000,PROGRAM/OPERATING SUPPORT,2022
586275452,Ron and Lisa Brill Charitable Trust,DE,371747624,HORIZONS ATLANTA INC,500,Holy Innocents Giving Day,2022
756038519,TEXAS INSTRUMENTS FOUNDATION,TX,371747624,HORIZONS ATLANTA INC,53,"DONATIONS TO COLLEGES, UNIVERSITIES AND OTHER ORGANIZATIONS UNDER ""MATCHING GIFTS PROGRAM.""",2022
586001954,Joseph B Whitehead Foundation,GA,371747624,HORIZONS ATLANTA INC,400000,Expansion of academic enrichment program.,2021
366725987,AEC Trust,DE,371747624,HORIZONS ATLANTA INC,25000,2021 Summer Academic and Enrichment Program,2021
472317141,STOCKEL FAMILY FOUNDATION,CA,371747624,HORIZONS ATLANTA INC,23000,SUMMER PROGRAM MEALS AND SWIM COMPETITION,2021
200545315,JACK AND ANNE GLENN CHAR FDN,FL,371747624,HORIZONS ATLANTA INC,15000,GENERAL OPERATING,2021
431262762,Enterprise Holdings Foundation,MO,371747624,HORIZONS ATLANTA INC,1500,Program Support,2021
586275452,Ron and Lisa Brill Charitable Trust,DE,371747624,HORIZONS ATLANTA INC,1000,Horizons Program at Holy Innocent's Episcopal School on Horizons Giving Day,2021
463022974,THE GOIZUETA FOUNDATION INC,GA,371747624,HORIZONS ATLANTA INC,300000,PROGRAM,2020
581574705,The Coca-Cola Foundation Inc,GA,371747624,HORIZONS ATLANTA INC,155000,COVID-19 Relief Efforts,2020
581890927,THE ZEIST FOUNDATION INC,GA,371747624,HORIZONS ATLANTA INC,75000,EDUCATION,2020
581709417,GEORGIA POWER FOUNDATION INC,GA,371747624,HORIZONS ATLANTA INC,50000,INCREASING SUCCESS OF STUDENTS IN UNDERSERVED COMMUNITIES THROUGH INNOVATIVE SUMMER LEARNING PROGRAMS,2020
274689647,THE PRIMERICA FOUNDATION INC,GA,371747624,HORIZONS ATLANTA INC,30000,SUPPORT FOR SUMMER EDUCATION FOR LMI STUDENTS,2020
237225012,JOHN H & WILHELMINA D HARLAND,GA,371747624,HORIZONS ATLANTA INC,25000,CURRENT OPERATIONS AT PURPOSE BUILT SCHOOLS,2020
261552762,PHILIP I KENT FOUNDATION,NV,371747624,HORIZONS ATLANTA INC,25000,GENERAL OPERATING,2020
586343477,THE SARA GILES MOORE FOUNDATION,GA,371747624,HORIZONS ATLANTA INC,25000,TO SUPPORT THE CHARITABLE MISSION OF THE RECIPIENT ORGANIZATION,2020
472317141,STOCKEL FAMILY FOUNDATION,CA,371747624,HORIZONS ATLANTA INC,24000,SUMMER PROGRAM MEALS,2020
581648407,REALAN FOUNDATION INC,GA,371747624,HORIZONS ATLANTA INC,20000,DONATION TO FURTHER THE ORGANIZATION'S MISSION,2020
586045056,THE SARTAIN LANIER FAMILY FOUNDATION INC,GA,371747624,HORIZONS ATLANTA INC,15000,TO SUPPORT THE MISSION OF THE RECIPIENT ORGANIZATION,2020
522189081,NORA ROBERTS FOUNDATION,MD,371747624,HORIZONS ATLANTA INC,3000,OPERATIONS,2020
586369445,THE JALS FAMILY FOUNDATION,GA,371747624,HORIZONS ATLANTA INC,2500,GENERAL SUPPORT OF ORGANIZATION,2020
431262762,Enterprise Holdings Foundation,MO,371747624,HORIZONS ATLANTA INC,1500,PROGRAM SUPPORT,2020
200499527,COUCHMAN & NOBLE FOUNDATION INC,GA,371747624,HORIZONS ATLANTA INC,1000,EDUCATION,2020
200721133,THE BANK OF AMERICA CHARITABLE,NC,371747624,HORIZONS ATLANTA INC,500,GENERAL SUPPORT,2020
366082304,Arthur J Gallagher Foundation,IL,371747624,HORIZONS ATLANTA INC,417,GENERAL EXEMPT PURPOSE,2020
581709417,GEORGIA POWER FOUNDATION INC,GA,371747624,HORIZONS ATLANTA INC,100000,INCREASING SUCCESS OF STUDENTS IN UNDERSERVED COMMUNITIES THROUGH INNOVATIVE SUMMER LEARNING PROGRAMS,2019
472317141,STOCKEL FAMILY FOUNDATION,CA,371747624,HORIZONS ATLANTA INC,30000,SUMMER PROGRAM MEALS,2019
274689647,THE PRIMERICA FOUNDATION INC,GA,371747624,HORIZONS ATLANTA INC,25000,SUPPORT FOR SUMMER EDUCATION FOR LMI STUDENTS,2019
237225012,JOHN H & WILHELMINA D HARLAND,GA,371747624,HORIZONS ATLANTA INC,20000,CURRENT OPERATIONS,2019
586045056,THE SARTAIN LANIER FAMILY FOUNDATION INC,GA,371747624,HORIZONS ATLANTA INC,15000,TO SUPPORT THE MISSION OF THE RECIPIENT ORGANIZATION,2019
582145618,Patterson Family Foundation Inc,DE,371747624,HORIZONS ATLANTA INC,10300,Swim Program,2019
582145618,Patterson Family Foundation Inc,DE,371747624,HORIZONS ATLANTA INC,5000,General & Unrestricted,2019
200721133,THE BANK OF AMERICA CHARITABLE,NC,371747624,HORIZONS ATLANTA INC,2500,PROGRAM/OPERATING SUPPORT,2019
586275452,Ron and Lisa Brill Charitable Trust,DE,371747624,HORIZONS ATLANTA INC,1000,Holy Innocents Project,2019
200721133,THE BANK OF AMERICA CHARITABLE,NC,371747624,HORIZONS ATLANTA INC,500,PROGRAM/OPERATING SUPPORT,2019
823675178,Flood Family Foundation II Inc,GA,371747624,HORIZONS ATLANTA INC,500,UNRESTRICTED,2019
581709417,GEORGIA POWER FOUNDATION INC,GA,371747624,HORIZONS ATLANTA INC,75000,HORIZONS ATLANTA SUMMER ENRICHMENT PROGRAM FOR CHILDREN IN UNDERSERVED COMMUNITIES,2018
274689647,THE PRIMERICA FOUNDATION INC,GA,371747624,HORIZONS ATLANTA INC,25000,SUPPORT FOR SUMMER EDUCATION FOR LMI STUDENTS,2018
586045056,THE SARTAIN LANIER FAMILY FOUNDATION INC,GA,371747624,HORIZONS ATLANTA INC,15000,TO SUPPORT THE MISSION OF THE RECIPIENT ORGANIZATION,2018
582064640,TW PRICE GILBERT JR CHARITABLE FUND,NV,371747624,HORIZONS ATLANTA INC,10000,PROMOTING 3RD GRADE READING,2017
346514375,STRANAHAN FOUNDATION,OH,461800850,HORIZONS OF KENT AND QUEEN ANNES INC,35000,HORIZONS STAFFING SUPPORT,2023
136633814,JOHN BEN SNOW MEMORIAL TR UW #839158,PA,461800850,HORIZONS OF KENT AND QUEEN ANNES INC,20000,TRANSPORTATION,2023
136633814,JOHN BEN SNOW MEMORIAL TR UW #839158,PA,461800850,HORIZONS OF KENT AND QUEEN ANNES INC,10000,TRANSPORTATION,2022
411864977,LAND O'LAKES FOUNDATION,MN,461800850,HORIZONS OF KENT AND QUEEN ANNES INC,500,DIRECT MEMBER MATCH,2022
454757108,SCHUMANN ROBERT F FDN-MAIN,NV,461800850,HORIZONS OF KENT AND QUEEN ANNES INC,30000,GENERAL OPERATING,2020
136633814,JOHN BEN SNOW MEMORIAL TR UW #839158,PA,461800850,HORIZONS OF KENT AND QUEEN ANNES INC,10000,GENERAL OPERATING PURPOSES,2020
346514375,STRANAHAN FOUNDATION,OH,461800850,HORIZONS OF KENT AND QUEEN ANNES INC,35000,CONTINUING OPERATING SUPPORT,2019
237049738,JPMORGAN CHASE FOUNDATION,NY,473680889,HORIZONS NEWARK INC,1654,MATCHING CONTRIBUTION (GENERAL OPERATING SUPPORT),2024
843875613,THEODORE AND MAXINE MURNICK FAMILY,NJ,473680889,HORIZONS NEWARK INC,46000,GENERAL SUPPORT,2023
221554541,VICTORIA FOUNDATION INC,NJ,473680889,HORIZONS NEWARK INC,35000,TO SUPPORT NEWARK YOUTHS IN THE HORIZONS NEWARK SUMMER INSTITUTE IN 2023,2023
222747584,ZYGMUNT AND AUDREY WILF FOUNDATION,NJ,473680889,HORIZONS NEWARK INC,15000,PROGRAM SUPPORT,2023
113578290,FREYGISH FOUNDATION,NY,473680889,HORIZONS NEWARK INC,10000,GENERAL & UNRESTRICTED GRANT,2023
726019363,HEYMANN WOLF FOUNDATION,LA,473680889,HORIZONS NEWARK INC,5000,GENERAL PURPOSES OF DONEE,2023
237049738,JPMORGAN CHASE FOUNDATION,NY,473680889,HORIZONS NEWARK INC,2000,GENERAL OPERATING SUPPORT,2023
141862146,THE RACHEL & DREW KATZ FOUNDATION INC,NJ,473680889,HORIZONS NEWARK INC,1000,CHARITABLE DONATION,2023
221554541,VICTORIA FOUNDATION INC,NJ,473680889,HORIZONS NEWARK INC,35000,TO SUPPORT NEWARK YOUTHS IN THE HORIZONS NEWARK SUMMER INSTITUTE IN 2022,2022
222747584,ZYGMUNT AND AUDREY WILF FOUNDATION,NJ,473680889,HORIZONS NEWARK INC,12500,PROGRAM SUPPORT,2022
726019363,HEYMANN WOLF FOUNDATION,LA,473680889,HORIZONS NEWARK INC,7500,GENERAL PURPOSES OF DONEE,2022
871693864,BLUE FOUNDRY CHARITABLE FOUNDATION INC,NJ,473680889,HORIZONS NEWARK INC,5000,EDUCATION,2022
237049738,JPMORGAN CHASE FOUNDATION,NY,473680889,HORIZONS NEWARK INC,2716,GENERAL OPERATING SUPPORT,2022
392066890,THE PRESENT FAMILY FOUNDATION INC,NJ,473680889,HORIZONS NEWARK INC,523,UNRESTRICTED,2022
871693864,BLUE FOUNDRY CHARITABLE FOUNDATION INC,NJ,473680889,HORIZONS NEWARK INC,500,EDUCATION,2022
141862146,THE RACHEL & DREW KATZ FOUNDATION INC,NJ,473680889,HORIZONS NEWARK INC,500,CHARITABLE DONATION,2021
222747584,ZYGMUNT AND AUDREY WILF FOUNDATION,NJ,473680889,HORIZONS NEWARK INC,15000,PROGRAM SUPPORT,2020
113578290,FREYGISH FOUNDATION,NY,473680889,HORIZONS NEWARK INC,5000,GENERAL & UNRESTRICTED GRANT,2020
726019363,HEYMANN WOLF FOUNDATION,LA,473680889,HORIZONS NEWARK INC,5000,GENERAL PURPOSES OF DONEE,2020
141862146,THE RACHEL & DREW KATZ FOUNDATION INC,NJ,473680889,HORIZONS NEWARK INC,1000,CHARITABLE DONATION,2020
392066890,THE PRESENT FAMILY FOUNDATION INC,NJ,473680889,HORIZONS NEWARK INC,500,UNRESTRICTED,2020
141862146,THE RACHEL & DREW KATZ FOUNDATION INC,NJ,473680889,HORIZONS NEWARK INC,2500,CHARITABLE DONATION,2019
113578290,FREYGISH FOUNDATION,NY,473680889,HORIZONS NEWARK INC,5000,General & Unrestricted,2018
521642558,RICHARD A HENSON FOUNDATION INC,MD,474423393,HORIZONS DELMARVA INC,10500,OPERATING EXPENSES,2024
473706867,The Dave and Patsy Rommel Foundation,MA,474423393,HORIZONS DELMARVA INC,1500,TO SUPPORT ADVANCED ACADEMIC OPPORTUNITIES FOR LOW-INCOME PUBLIC SCHOOL STUDENTS.,2024
521982272,DAVID A BRAMBLE FOUNDATION INC,MD,474423393,HORIZONS DELMARVA INC,500,GENERAL FUNDING,2024
521642558,RICHARD A HENSON FOUNDATION INC,MD,474423393,HORIZONS DELMARVA INC,10500,OPERATING EXPENSES,2023
263713283,THE PHILIP & BARBARA LONG FAMILY,MD,474423393,HORIZONS DELMARVA INC,7000,EDUCATION,2023
473706867,The Dave and Patsy Rommel Foundation,MA,474423393,HORIZONS DELMARVA INC,2000,TO SUPPORT ADVANCED ACADEMIC OPPORTUNITIES FOR LOW-INCOME PUBLIC SCHOOL STUDENTS.,2023
521642558,RICHARD A HENSON FOUNDATION INC,MD,474423393,HORIZONS DELMARVA INC,7500,OPERATING EXPENSES,2022
473706867,The Dave and Patsy Rommel Foundation,MA,474423393,HORIZONS DELMARVA INC,5000,To support advanced academic opportunities for low-income public school students.,2022
263713283,THE PHILIP & BARBARA LONG FAMILY,MD,474423393,HORIZONS DELMARVA INC,2500,EDUCATION,2022
526054332,Franklin P and Arthur W Perdue Foundation,DE,474423393,HORIZONS DELMARVA INC,500,General & Unrestricted,2022
521642558,RICHARD A HENSON FOUNDATION INC,MD,474423393,HORIZONS DELMARVA INC,7500,OPERATING EXPENSES,2021
526054332,Franklin P and Arthur W Perdue Foundation,DE,474423393,HORIZONS DELMARVA INC,4500,Horizons Summer Learning Program and Year-Round Academic Connections,2021
263713283,THE PHILIP & BARBARA LONG FAMILY,MD,474423393,HORIZONS DELMARVA INC,3500,EDUCATION,2021
263713283,THE PHILIP & BARBARA LONG FAMILY,MD,474423393,HORIZONS DELMARVA INC,6500,EDUCATION,2020
526054332,Franklin P and Arthur W Perdue Foundation,DE,474423393,HORIZONS DELMARVA INC,2500,General & Unrestricted,2020
201330518,THE HAZEL FARM PROPERTY FOUNDATION,MD,474423393,HORIZONS DELMARVA INC,1000,GENERAL SUPPORT,2020
263713283,THE PHILIP & BARBARA LONG FAMILY,MD,474423393,HORIZONS DELMARVA INC,4000,EDUCATION,2018
522207846,Jack Burbage Foundation Inc,MD,474423393,HORIZONS DELMARVA INC,105,"TO ASSIST WITH PROVIDING LOW INCOME WICOMICO COUNTY, MARYLAND PUBLIC SCHOOL STUDENTS WITH AN INTENSIVE ACADEMIC SUMMER TRAINING PROGRAM. STUDENTS FROM KINDERGARTEN THROUGH GRADE TWELVE ARE ELIGIBLE TO PARTICIPATE. HORIZONS GUIDES AND SUPPORTS STUDENTS DURING THE SCHOOL YEAR WITH TUTORING AND MENTORING SERVICES. HORIZONS GOAL IS TO DEVELOP THE WHOLE CHILD BY EMPHASIZING ACADEMIC, COMMUNITY, CULTURAL & RECREATIONAL ACTIVITIES THAT PROMOTE PROBLEM SOLVING SKILLS, FOSTER AWARENESS OF COMMUNITY RESPONSIBILITY, INSTILL RESPECT FOR ONESELF AND OTHERS AND ENCOURGE A LIFELONG LOVE OF LEARNING.",2018
472746460,DOMINION ENERGY CHARITABLE FOUNDATION,VA,541946180,HORIZONS HAMPTON ROADS INC,6500,OUR CHOICES - OUR WORLD: FOSTERING COMMITTED ENVIRONMENTAL STEWARDS FOR HAMPTON ROADS & BEYOND,2024
540550100,BEAZLEY FOUNDATION INCORPORATED,VA,541946180,HORIZONS HAMPTON ROADS INC,50000,GRANT,2023
546038902,THE LANDMARK FOUNDATION,VA,541946180,HORIZONS HAMPTON ROADS INC,35000,EDUCATIONAL PROGRAMS,2023
541217447,THE BLOCKER FOUNDATION,VA,541946180,HORIZONS HAMPTON ROADS INC,30000,GENERAL OPERATING,2023
541463392,PORTSMOUTH GENERAL HOSPITAL,VA,541946180,HORIZONS HAMPTON ROADS INC,25000,SUMMER EDUCATION PROGRAM,2023
200721133,THE BANK OF AMERICA CHARITABLE,NC,541946180,HORIZONS HAMPTON ROADS INC,15000,PROGRAM/OPERATING SUPPORT,2023
200721133,THE BANK OF AMERICA CHARITABLE,NC,541946180,HORIZONS HAMPTON ROADS INC,15000,PROGRAM/OPERATING SUPPORT,2023
526033212,E C WAREHEIM FOUNDATION,NY,541946180,HORIZONS HAMPTON ROADS INC,10000,GENERAL USE,2023
200721133,THE BANK OF AMERICA CHARITABLE,NC,541946180,HORIZONS HAMPTON ROADS INC,8000,PROGRAM/OPERATING SUPPORT,2023
201258584,MILLER OIL FOUNDATION,VA,541946180,HORIZONS HAMPTON ROADS INC,7500,TO HELP CHILDREN OF POVERTY IMPROVE THEIR EDUCATION AND BREAK THE CYCLE OF POVERTY.,2023
582399946,SOUTHERN COMPANY GAS CHARITABLE,GA,541946180,HORIZONS HAMPTON ROADS INC,7500,SOCIAL JUSTICE / SUSTAINABILITY,2023
814749431,The Townsend Family Foundation,DE,541946180,HORIZONS HAMPTON ROADS INC,1000,General & Unrestricted,2023
200721133,THE BANK OF AMERICA CHARITABLE,NC,541946180,HORIZONS HAMPTON ROADS INC,523,PROGRAM/OPERATING SUPPORT,2023
540761802,WE MCGUIRE CHARITABLE FOUNDATION,VA,541946180,HORIZONS HAMPTON ROADS INC,500,ARTS & CULTURE,2023
540550100,BEAZLEY FOUNDATION INCORPORATED,VA,541946180,HORIZONS HAMPTON ROADS INC,50000,SUMMER CAMPS,2022
546038902,THE LANDMARK FOUNDATION,VA,541946180,HORIZONS HAMPTON ROADS INC,25000,EDUCTIONAL PROGRAMS,2022
541463392,PORTSMOUTH GENERAL HOSPITAL,VA,541946180,HORIZONS HAMPTON ROADS INC,21000,SUMMER EDUCATION PROGRAM,2022
200721133,THE BANK OF AMERICA CHARITABLE,NC,541946180,HORIZONS HAMPTON ROADS INC,15000,PROGRAM/OPERATING SUPPORT,2022
541217447,THE BLOCKER FOUNDATION,VA,541946180,HORIZONS HAMPTON ROADS INC,15000,GENERAL OPERATING,2022
200721133,THE BANK OF AMERICA CHARITABLE,NC,541946180,HORIZONS HAMPTON ROADS INC,15000,PROGRAM/OPERATING SUPPORT,2022
526033212,E C WAREHEIM FOUNDATION,NY,541946180,HORIZONS HAMPTON ROADS INC,10000,GENERAL OPERATING,2022
200721133,THE BANK OF AMERICA CHARITABLE,NC,541946180,HORIZONS HAMPTON ROADS INC,8000,PROGRAM/OPERATING SUPPORT,2022
814749431,The Townsend Family Foundation,DE,541946180,HORIZONS HAMPTON ROADS INC,1500,General & Unrestricted,2022
540761802,WE MCGUIRE CHARITABLE FOUNDATION,VA,541946180,HORIZONS HAMPTON ROADS INC,1000,ARTS & CULTURE,2022
200721133,THE BANK OF AMERICA CHARITABLE,NC,541946180,HORIZONS HAMPTON ROADS INC,500,PROGRAM/OPERATING SUPPORT,2022
200721133,THE BANK OF AMERICA CHARITABLE,NC,541946180,HORIZONS HAMPTON ROADS INC,15000,OPERATIONAL SUPPORT,2021
200721133,THE BANK OF AMERICA CHARITABLE,NC,541946180,HORIZONS HAMPTON ROADS INC,15000,OPERATIONAL SUPPORT,2021
200721133,THE BANK OF AMERICA CHARITABLE,NC,541946180,HORIZONS HAMPTON ROADS INC,8000,OPERATIONAL SUPPORT,2021
540761802,WE MCGUIRE CHARITABLE FOUNDATION,VA,541946180,HORIZONS HAMPTON ROADS INC,1000,ARTS & CULTURE,2021
200721133,THE BANK OF AMERICA CHARITABLE,NC,541946180,HORIZONS HAMPTON ROADS INC,15000,GENERAL SUPPORT,2020
540550100,BEAZLEY FOUNDATION INCORPORATED,VA,541946180,HORIZONS HAMPTON ROADS INC,12000,ENRICHMENT PROGRAM,2020
200721133,THE BANK OF AMERICA CHARITABLE,NC,541946180,HORIZONS HAMPTON ROADS INC,10000,GENERAL SUPPORT,2020
251822243,DOLLAR BANK FOUNDATION,PA,541946180,HORIZONS HAMPTON ROADS INC,2500,ASSISTANCE FOR SOCIAL SERVICES,2020
540761802,WE MCGUIRE CHARITABLE FOUNDATION,VA,541946180,HORIZONS HAMPTON ROADS INC,1250,ARTS & CULTURE,2020
540550100,BEAZLEY FOUNDATION INCORPORATED,VA,541946180,HORIZONS HAMPTON ROADS INC,52500,SUMMER ENRICHMENT PROGRAM,2019
200721133,THE BANK OF AMERICA CHARITABLE,NC,541946180,HORIZONS HAMPTON ROADS INC,15000,PROGRAM/OPERATING SUPPORT,2019
200721133,THE BANK OF AMERICA CHARITABLE,NC,541946180,HORIZONS HAMPTON ROADS INC,10000,PROGRAM/OPERATING SUPPORT,2019
540761802,WE MCGUIRE CHARITABLE FOUNDATION,VA,541946180,HORIZONS HAMPTON ROADS INC,1000,GENERAL,2019
200721133,THE BANK OF AMERICA CHARITABLE,NC,541946180,HORIZONS HAMPTON ROADS INC,400,PROGRAM/OPERATING SUPPORT,2019
540550100,BEAZLEY FOUNDATION INCORPORATED,VA,541946180,HORIZONS HAMPTON ROADS INC,52500,SUMMER ENRICHMENT PROGRAM,2018
200721133,THE BANK OF AMERICA CHARITABLE,NC,541946180,HORIZONS HAMPTON ROADS INC,15000,PROGRAM/OPERATING SUPPORT,2018
200721133,THE BANK OF AMERICA CHARITABLE,NC,541946180,HORIZONS HAMPTON ROADS INC,10000,PROGRAM/OPERATING SUPPORT,2018
200721133,THE BANK OF AMERICA CHARITABLE,NC,812915448,HORIZONS STUDENT OPPORTUNITIES AND,25000,PROGRAM/OPERATING SUPPORT,2022
200721133,THE BANK OF AMERICA CHARITABLE,NC,812915448,HORIZONS STUDENT OPPORTUNITIES AND,10000,PROGRAM/OPERATING SUPPORT,2022
061468578,RITTER FAMILY FOUNDATION,CT,814133542,HORIZONS AT CT STATE NORWALK INC,50000,DONATION,2024
061468578,RITTER FAMILY FOUNDATION,CT,814133542,HORIZONS AT CT STATE NORWALK INC,50000,DONATION,2023
133922199,THE JAMES AND JUDITH K DIMON FOUNDATION,NY,814133542,HORIZONS AT CT STATE NORWALK INC,25000,PROGRAM SUPPORT,2023
581861919,The Bauer Family Foundation Inc,CT,814133542,HORIZONS AT CT STATE NORWALK INC,10000,Operational Support,2023
472630731,THE SCRIPPS FAMILY FUND FOR EDUCATION,KY,814133542,HORIZONS AT CT STATE NORWALK INC,10000,ACADEMIC AND ENRICHMENT PROGRAM,2023
061157888,STANLEY FAMILY FOUNDATION,NY,814133542,HORIZONS AT CT STATE NORWALK INC,10000,TO SUPPORT THE ORGANIZATION'S MISSION,2023
266141110,NEIL & SANDRA DEFEO FAMILY FOUNDATI,FL,814133542,HORIZONS AT CT STATE NORWALK INC,2500,EDUCATION,2023
136158857,OPPENHEIM FAMILY FUND INC,NY,814133542,HORIZONS AT CT STATE NORWALK INC,2000,UNRESTRICTED GRANT FOR DONEE'S EXEMPT PURPOSE,2023
461509070,BROTHERS BROOK FOUNDATION,CO,814133542,HORIZONS AT CT STATE NORWALK INC,50000,FIGHT POVERTY / EDUCATION,2022
061468578,RITTER FAMILY FOUNDATION,CT,814133542,HORIZONS AT CT STATE NORWALK INC,50000,DONATION,2022
133922199,THE JAMES AND JUDITH K DIMON FOUNDATION,NY,814133542,HORIZONS AT CT STATE NORWALK INC,25000,PROGRAM SUPPORT,2022
581861919,The Bauer Family Foundation Inc,CT,814133542,HORIZONS AT CT STATE NORWALK INC,15000,Operational Support,2022
061157888,STANLEY FAMILY FOUNDATION,NY,814133542,HORIZONS AT CT STATE NORWALK INC,15000,TO SUPPORT THE ORGANIZATION'S MISSION,2022
136158857,OPPENHEIM FAMILY FUND INC,NY,814133542,HORIZONS AT CT STATE NORWALK INC,12000,UNRESTRICTED GRANT FOR DONEE'S EXEMPT PURPOSE,2022
472630731,THE SCRIPPS FAMILY FUND FOR EDUCATION,KY,814133542,HORIZONS AT CT STATE NORWALK INC,10000,ACADEMIC SUCCESS AND ENRICHMENT,2022
061468578,RITTER FAMILY FOUNDATION,CT,814133542,HORIZONS AT CT STATE NORWALK INC,50000,DONATION,2021
472630731,THE SCRIPPS FAMILY FUND FOR EDUCATION,KY,814133542,HORIZONS AT CT STATE NORWALK INC,10000,GENERAL OPERATIONS,2021
061468578,RITTER FAMILY FOUNDATION,CT,814133542,HORIZONS AT CT STATE NORWALK INC,40000,DONATION,2020
061157888,STANLEY FAMILY FOUNDATION,NY,814133542,HORIZONS AT CT STATE NORWALK INC,25000,TO SUPPORT THE ORGANIZATION'S MISSION,2020
136158857,OPPENHEIM FAMILY FUND INC,NY,814133542,HORIZONS AT CT STATE NORWALK INC,10000,UNRESTRICTED GRANT FOR DONEE'S EXEMPT PURPOSE,2020
581861919,The Bauer Family Foundation Inc,CT,814133542,HORIZONS AT CT STATE NORWALK INC,5000,Operational Support,2020
461509070,BROTHERS BROOK FOUNDATION,CO,814133542,HORIZONS AT CT STATE NORWALK INC,40000,"Fight Poverty, Improve Education",2019
061468578,RITTER FAMILY FOUNDATION,CT,814133542,HORIZONS AT CT STATE NORWALK INC,40000,DONATION,2019
061604276,HOLLOWAY FAMILY FOUNDATION,FL,814133542,HORIZONS AT CT STATE NORWALK INC,30000,TO ENABLE CHARITABLE ORGANIZATION TO CARRY OUT ITS EXEMPT FUNCTION,2019
136158857,OPPENHEIM FAMILY FUND INC,NY,814133542,HORIZONS AT CT STATE NORWALK INC,20000,UNRESTRICTED GRANT FOR DONEE'S EXEMPT PURPOSE,2019
461509070,BROTHERS BROOK FOUNDATION,CO,814133542,HORIZONS AT CT STATE NORWALK INC,40000,"Fight Poverty, Improve Education",2018
061468578,RITTER FAMILY FOUNDATION,CT,814133542,HORIZONS AT CT STATE NORWALK INC,30000,DONATION,2018
061604276,HOLLOWAY FAMILY FOUNDATION,FL,814133542,HORIZONS AT CT STATE NORWALK INC,25000,TO ENABLE CHARITABLE ORGANIZATION TO CARRY OUT ITS EXEMPT FUNCTION,2018
136224125,FLORENCE V BURDEN FOUNDATION,NY,833059979,HORIZONS NEW JERSEY,15000,EDUCATION,2023
061468578,RITTER FAMILY FOUNDATION,CT,834544991,HORIZONS BRIDGEPORT,60000,DONATION,2024
822658347,The John and Ethel Kashulon Foundation,DE,834544991,HORIZONS BRIDGEPORT,20000,Notre Dame summer program and their High School program at Sacred Heart University.,2024
270729341,TAUCK FAMILY FOUNDATION,CT,834544991,HORIZONS BRIDGEPORT,100000,GENERAL OPERATING SUPPORT GRANT,2023
061468578,RITTER FAMILY FOUNDATION,CT,834544991,HORIZONS BRIDGEPORT,95000,DONATION,2023
472630731,THE SCRIPPS FAMILY FUND FOR EDUCATION,KY,834544991,HORIZONS BRIDGEPORT,80000,SUPPORT THE NOTRE DAME AFFILIATE AND EXPANSION OF THE HIGH SCHOOL PROGRAM,2023
237982138,PRITCHARD FOUNDATION,CT,834544991,HORIZONS BRIDGEPORT,50000,UNRESTRICTED CHARITABLE PUPROSES,2023
920836768,WHITTAKER FAMILY FOUNDATION,CT,834544991,HORIZONS BRIDGEPORT,25000,OUT-OF-SCHOOL-TIME LEARNING PROGRAM,2023
201069019,DAVID AND GERI EPSTEIN,CT,834544991,HORIZONS BRIDGEPORT,25000,GENERAL SUPPORT,2023
920836768,WHITTAKER FAMILY FOUNDATION,CT,834544991,HORIZONS BRIDGEPORT,25000,OUT-OF-SCHOOL-TIME LEARNING PROGRAM,2023
133151548,The Herbert & Nell Singer Foundation Inc,DE,834544991,HORIZONS BRIDGEPORT,25000,Horizons Bridgeport Regional High School Program for post secondary success,2023
141864317,TD CHARITABLE FOUNDATION,ME,834544991,HORIZONS BRIDGEPORT,15000,EXPANSION OF K-8 OUT OF SCHOOL TIME PROGRAM,2023
237966458,Hilda & Preston Davis Foundation,VA,834544991,HORIZONS BRIDGEPORT,15000,Education Programs,2023
510494444,THE MOSS FAMILY FOUNDATION,NY,834544991,HORIZONS BRIDGEPORT,10000,CHARITABLE,2023
822658347,The John and Ethel Kashulon Foundation,DE,834544991,HORIZONS BRIDGEPORT,10000,expansion of Horizons Program at Notre Dame high school,2023
134200689,AVANGRID FOUNDATION INC,CT,834544991,HORIZONS BRIDGEPORT,10000,COMMUNITY PROGRAMS,2023
223019876,GRACE J FIPPINGER FOUNDATION INC,CT,834544991,HORIZONS BRIDGEPORT,10000,EDUCATION,2023
043576803,DAVID E RETIK AND CHRISTOPHER D MELLO,MA,834544991,HORIZONS BRIDGEPORT,10000,PROGRAM SUPPORT,2023
222533743,THE EMILY HALL TREMAINE FOUNDATION INC,CT,834544991,HORIZONS BRIDGEPORT,1000,EDUCATION - GENERAL OPERATING,2023
472630731,THE SCRIPPS FAMILY FUND FOR EDUCATION,KY,834544991,HORIZONS BRIDGEPORT,80000,SUPPORT FOR THE NOTRE DAME AFFILIATE,2022
270729341,TAUCK FAMILY FOUNDATION,CT,834544991,HORIZONS BRIDGEPORT,65000,GENERAL OPERATING SUPPORT GRANT,2022
133151548,The Herbert & Nell Singer Foundation Inc,DE,834544991,HORIZONS BRIDGEPORT,50000,Horizons Bridgeport High School and College Programming,2022
061468578,RITTER FAMILY FOUNDATION,CT,834544991,HORIZONS BRIDGEPORT,25000,DONATION,2022
201069019,DAVID AND GERI EPSTEIN,CT,834544991,HORIZONS BRIDGEPORT,25000,GENERAL SUPPORT,2022
133244207,THE O'HERRON FAMILY FOUNDATION,CT,834544991,HORIZONS BRIDGEPORT,18750,UNRESTRICTED,2022
270729341,TAUCK FAMILY FOUNDATION,CT,834544991,HORIZONS BRIDGEPORT,15500,CAPACITY BUILDING GRANT,2022
510494444,THE MOSS FAMILY FOUNDATION,NY,834544991,HORIZONS BRIDGEPORT,10000,CHARITABLE,2022
237982138,PRITCHARD FOUNDATION,CT,834544991,HORIZONS BRIDGEPORT,10000,UNRESTRICTED CHARITABLE PUPROSES,2022
223019876,GRACE J FIPPINGER FOUNDATION INC,CT,834544991,HORIZONS BRIDGEPORT,10000,EDUCATION,2022
822658347,The John and Ethel Kashulon Foundation,DE,834544991,HORIZONS BRIDGEPORT,10000,Horizons Programming at Notre Dame High School,2022
133949885,THE MCINERNEY FAMILY FOUNDATION,CT,834544991,HORIZONS BRIDGEPORT,8000,CHARITABLE CONTRIBUTION,2022
134163899,MBIA FOUNDATION,NY,834544991,HORIZONS BRIDGEPORT,3650,GENERAL OPERATING PURPOSE,2022
222533743,THE EMILY HALL TREMAINE FOUNDATION INC,CT,834544991,HORIZONS BRIDGEPORT,3000,COMMUNITY PROJECTS - GENERAL OPERATING,2022
330846153,CHARLES H WEINMAN FOUNDATION FOR,CT,834544991,HORIZONS BRIDGEPORT,1000,SUPPORT OF ORGANIZATION,2022
472630731,THE SCRIPPS FAMILY FUND FOR EDUCATION,KY,834544991,HORIZONS BRIDGEPORT,80000,SUPPORTING THE NOTRE DAME AFFILIATE AND EXPANSION TO A NEW SITE IN BRIDGEPORT,2021
061468578,RITTER FAMILY FOUNDATION,CT,834544991,HORIZONS BRIDGEPORT,50000,DONATION,2021
133151548,The Herbert & Nell Singer Foundation Inc,DE,834544991,HORIZONS BRIDGEPORT,50000,Horizons Bridgeport High School and College Programming,2021
822658347,The John and Ethel Kashulon Foundation,DE,834544991,HORIZONS BRIDGEPORT,20000,"funding for academic support, social-emotional learning, and enrichment opportunities for Bridgeport Students",2021
330846153,CHARLES H WEINMAN FOUNDATION FOR,CT,834544991,HORIZONS BRIDGEPORT,20000,SUPPORT OF ORGANIZATION,2021
133244207,THE O'HERRON FAMILY FOUNDATION,CT,834544991,HORIZONS BRIDGEPORT,15000,UNRESTRICTED,2021
472630731,THE SCRIPPS FAMILY FUND FOR EDUCATION,KY,834544991,HORIZONS BRIDGEPORT,80000,"SUPPORT FOR GENERAL OPERATING EXPENSES OF THE ORGRANIZATION, GROWTH OF THE HIGH SCHOOL PROGRAM, AND THE HORIZONS AT NOTRE DAME AFFILIATE",2020
133151548,The Herbert & Nell Singer Foundation Inc,DE,834544991,HORIZONS BRIDGEPORT,50000,General & Unrestricted,2020
201069019,DAVID AND GERI EPSTEIN,CT,834544991,HORIZONS BRIDGEPORT,25000,GENERAL SUPPORT,2020
061547852,THE PETER AND CARMEN LUCIA BUCK,NY,834544991,HORIZONS BRIDGEPORT,25000,GENERAL OPERATING SUPPORT,2020
133244207,THE O'HERRON FAMILY FOUNDATION,CT,834544991,HORIZONS BRIDGEPORT,10000,UNRESTRICTED,2020
270729341,TAUCK FAMILY FOUNDATION,CT,834544991,HORIZONS BRIDGEPORT,5000,COVID-19 RESPONSE GRANT,2020
222533743,THE EMILY HALL TREMAINE FOUNDATION INC,CT,834544991,HORIZONS BRIDGEPORT,3000,GENERAL OPERATING SUPPORT,2020
222533743,THE EMILY HALL TREMAINE FOUNDATION INC,CT,834544991,HORIZONS BRIDGEPORT,2825,GENERAL OPERATIONS,2019
260135787,CHILDREN CAN SHAPE THE FUTURE INC,PA,842019675,HORIZONS GREATER PHILADELPHIA INC,20000,GENERAL OPERATING SUPPORT,2024
273420282,THE CEDARCREST CHARITABLE FOUNDATION AKA,DE,842019675,HORIZONS GREATER PHILADELPHIA INC,10000,Curriculum Support,2024
232272057,THE NATIONAL ARTS PROGRAM FOUNDATION,PA,842019675,HORIZONS GREATER PHILADELPHIA INC,10000,ART EXHIBITION & CONTEST AWARDS,2024
273420282,THE CEDARCREST CHARITABLE FOUNDATION AKA,DE,842019675,HORIZONS GREATER PHILADELPHIA INC,5000,Regional Professional Learning Day,2024
207410435,HELEN'S HOPE FOUNDATION,PA,842019675,HORIZONS GREATER PHILADELPHIA INC,50000,GENERAL SUPPORT,2023
351950691,CENTERPOINT ENERGY FOUNDATION INC,TX,842019675,HORIZONS GREATER PHILADELPHIA INC,18000,GENERAL DONATION,2023
521951681,Annie E Casey Foundation Inc,MD,842019675,HORIZONS GREATER PHILADELPHIA INC,10000,PROVIDE GENERAL OPERATING SUPPORT,2023
227723097,LEO NIESSEN JR CHARITABLE TR-MAIN,MO,842019675,HORIZONS GREATER PHILADELPHIA INC,5000,GENERAL OPERATING,2023
232272057,THE NATIONAL ARTS PROGRAM FOUNDATION,PA,842019675,HORIZONS GREATER PHILADELPHIA INC,3500,ART EXHIBITION & CONTEST AWARDS,2023
200721133,THE BANK OF AMERICA CHARITABLE,NC,842019675,HORIZONS GREATER PHILADELPHIA INC,300,PROGRAM/OPERATING SUPPORT,2023
200721133,THE BANK OF AMERICA CHARITABLE,NC,842019675,HORIZONS GREATER PHILADELPHIA INC,150,PROGRAM/OPERATING SUPPORT,2023
207410435,HELEN'S HOPE FOUNDATION,PA,842019675,HORIZONS GREATER PHILADELPHIA INC,25000,GENERAL UNRESTRICTED,2022
134229063,WSFS CARES FOUNDATION,DE,842019675,HORIZONS GREATER PHILADELPHIA INC,25000,EDUCATION & LEADERSHIP DEVELOPMENT,2022
141864317,TD CHARITABLE FOUNDATION,ME,842019675,HORIZONS GREATER PHILADELPHIA INC,10000,ACADEMIC RECOVERY: LITERACY EXPANSION INITIATIVE,2022
237839035,THE PATRICIA KIND FAMILY FOUNDATION,PA,842019675,HORIZONS GREATER PHILADELPHIA INC,10000,WELLNESS GRANT,2022
137109402,Challenger Foundation,NY,842019675,HORIZONS GREATER PHILADELPHIA INC,35000,general,2021
043556844,BOSTON SCIENTIFIC FOUNDATION INC,MA,843317487,HORIZONS GREATER BOSTON INC,8000,HORIZONS GREATER BOSTON,2023
833485439,Pratima and Vikrant Raina Family,MA,843317487,HORIZONS GREATER BOSTON INC,3000,General Support,2023
050493445,AMICA COMPANIES FOUNDATION,RI,843317487,HORIZONS GREATER BOSTON INC,613,GENERAL PURPOSE,2023
046903459,Bierly Boasberg Foundation,MA,843317487,HORIZONS GREATER BOSTON INC,500,General Support,2023
046903459,Bierly Boasberg Foundation,MA,843317487,HORIZONS GREATER BOSTON INC,500,General Support,2022
050493445,AMICA COMPANIES FOUNDATION,RI,843317487,HORIZONS GREATER BOSTON INC,438,GENERAL PURPOSE,2022
136083839,THE PFIZER FOUNDATION INC,NY,843317487,HORIZONS GREATER BOSTON INC,100,MATCHING GIFTS,2022
223317340,Eastern Bank Foundation,MA,843317487,HORIZONS GREATER BOSTON INC,5000,EXEMPT PURPOSE,2020
222773808,RICHARD K LUBIN FAMILY FOUNDATION,MA,843317487,HORIZONS GREATER BOSTON INC,1000,TO PROVIDE SUPPORT FOR THE NEEDS OF THE ORGANIZATION.,2020
131623879,ALTMAN FOUNDATION,NY,851000631,HORIZONS NEW YORK CITY,75000,TO EXPAND HORIZONS PROGRAMS THROUGHOUT THE FIVE BOROUGHS AND SUSTAIN EXISTING PROGRAMS,2023
061518993,THE KITE KEY FOUNDATION,CA,851000631,HORIZONS NEW YORK CITY,25000,GENERAL OPERATING SUPPORT,2023
132989476,NEW YORK LIFE FOUNDATION,NY,851000631,HORIZONS NEW YORK CITY,25000,CCA GENERAL,2023
237049738,JPMORGAN CHASE FOUNDATION,NY,851000631,HORIZONS NEW YORK CITY,10000,GENERAL OPERATING SUPPORT,2023
116037021,Zeitz Foundation Inc,NY,851000631,HORIZONS NEW YORK CITY,4528,DONATION,2023
116037021,Zeitz Foundation Inc,NY,851000631,HORIZONS NEW YORK CITY,4528,DONATION,2023
853522306,ANNABELLE FOUNDATION,NY,851000631,HORIZONS NEW YORK CITY,2000,GENERAL DONATION,2023
133499384,The Joseph H Flom Foundation,NY,851000631,HORIZONS NEW YORK CITY,100000,Support to enable Horizons to continue to offer its summer programming to reduce learning loss and to increase student swim skills to prevent drowning in under-served-communities,2022
853522306,ANNABELLE FOUNDATION,NY,851000631,HORIZONS NEW YORK CITY,2000,GENERAL DONATION,2022
650330579,JONATHAN D AND MARK C LEWIS,FL,851000631,HORIZONS NEW YORK CITY,1500,GENERAL SUPPORT,2022
141864317,TD CHARITABLE FOUNDATION,ME,851000631,HORIZONS NEW YORK CITY,10000,ACADEMIC ENRICHMENT PROGRAM,2021
141864317,TD CHARITABLE FOUNDATION,ME,851000631,HORIZONS NEW YORK CITY,15000,HORIZONS BROOKLYN ACADEMIC ENRICHMENT PROGRAM,2020
141864317,TD CHARITABLE FOUNDATION,ME,851000631,HORIZONS NEW YORK CITY,7500,HORIZONS ENRICHMENT PROGRAM,2019
854230711,FLETCHER BEACON FOUNDATION INC,AZ,882306672,HORIZONS NATIONAL CHICAGO,1000,GENERAL USE,2023
561844198,EDDIE AND JO ALLISON SMITH,NC,990765499,HORIZONS OF PITT COUNTY,15000,2024 SUMMER PROGRAM,2023
205854615,FOX FAMILY FOUNDATION,CO,990818802,HORIZONS COLORADO,10000,YOUTH SERVICES,2024
510172279,ADOLPH COORS FOUNDATION,CO,990818802,HORIZONS COLORADO,10000,GENERAL OPERATING GRANT,2022
